Title,Author,Publisher,Date
이처럼 사소한 것들,클레어 키건,다산책방,2023.11.27
모순,양귀자,쓰다,2013.04.01
구의 증명,최진영,은행나무,2023.04.26
듄 1(DUNE),프랭크 허버트,황금가지,2021.01.21
삼체 1: 삼체문제,류츠신,자음과모음,2022.02.15
블랙 쇼맨과 운명의 바퀴,히가시노 게이고,알에이치코리아,2024.03.02
인간 실격,다자이 오사무,민음사,2012.04.10
불편한 편의점(벚꽃 에디션),김호연,나무옆의자,2021.04.20
맡겨진 소녀,클레어 키건,다산책방,2023.04.21
메리골드 마음 사진관,윤정은,북로망스,2024.01.12
아주 희미한 빛으로도,최은영,문학동네,2023.08.07
데미안,헤르만 헤세,민음사,2009.01.20
오로라,최진영,위즈덤하우스,2024.02.21
바다가 들리는 편의점,마치다 소노코,모모,2023.03.24
가여운 것들,앨러스데어 그레이,황금가지,2023.04.21
홍학의 자리,정해연,엘릭시르,2021.07.26
세상의 마지막 기차역(리커버 에디션),무라세 다케시,모모,2022.05.09
도시와 그 불확실한 벽,무라카미 하루키,문학동네,2023.09.06
채식주의자,한강,창비,2022.03.28
메리골드 마음 세탁소(30만 부 기념 한정 플라워 에디션),윤정은,북로망스,2023.03.06
